"","Technology","weighted_sum"
"1","Solar",27.1542857142857
"2","Battery",15.2742857142857
"3","CHP",16.9714285714286
"4","Fuel_Cell",0
"5","Solar",50.625
"6","Battery",30.375
"7","CHP",33.75
"8","Fuel_Cell",0
"9","Solar",47.48625
"10","Battery",30.526875
"11","CHP",30.526875
"12","Fuel_Cell",0
"13","Solar",47.48625
"14","Battery",30.526875
"15","CHP",30.526875
"16","Fuel_Cell",0
"17","Solar",104.844943820225
"18","Solar",85.725
"19","Battery",44.2314606741573
"20","Battery",39.5653846153846
"21","CHP",131.056179775281
"22","CHP",98.9134615384615
"23","Fuel_Cell",157.267415730337
"24","Fuel_Cell",118.696153846154
"25","Solar",33.635593220339
"26","Battery",22.1994915254237
"27","CHP",23.5449152542373
"28","Fuel_Cell",0
"29","Solar",34.1681415929204
"30","Battery",22.5509734513274
"31","CHP",20.5008849557522
"32","Fuel_Cell",0
"33","Solar",37.3060975609756
"34","Battery",22.3836585365854
"35","CHP",23.740243902439
"36","Fuel_Cell",0
"37","Solar",57.71925
"38","Solar",37.3060975609756
"39","Battery",40.743
"40","Battery",22.3836585365854
"41","CHP",37.34775
"42","CHP",23.740243902439
"43","Fuel_Cell",0
"44","Fuel_Cell",0
"45","Solar",144.118032786885
"46","Battery",58.9573770491803
"47","CHP",180.147540983607
"48","Fuel_Cell",216.177049180328
"49","Solar",53.9136
"50","Battery",35.3808
"51","CHP",37.0656
"52","Fuel_Cell",0
"53","Solar",104.844943820225
"54","Battery",44.2314606741573
"55","CHP",131.056179775281
"56","Fuel_Cell",157.267415730337
"57","Solar",124.117933130699
"58","Battery",53.8933130699088
"59","CHP",163.313069908815
"60","Fuel_Cell",195.975683890577
"61","Solar",36.8096525096525
"62","Battery",23.0896911196911
"63","CHP",26.7706563706564
"64","Fuel_Cell",0
"65","Solar",172.9125
"66","Solar",183.390967741935
"67","Solar",166.841162790698
"68","Battery",68.5125
"69","Battery",73.6838709677419
"70","Battery",68.6993023255814
"71","CHP",228.375
"72","CHP",229.238709677419
"73","CHP",212.640697674419
"74","Fuel_Cell",274.05
"75","Fuel_Cell",275.086451612903
"76","Fuel_Cell",255.168837209302
"77","Solar",124.117933130699
"78","Battery",53.8933130699088
"79","CHP",163.313069908815
"80","Fuel_Cell",195.975683890577
"81","Solar",157.209022556391
"82","Solar",176.360698689956
"83","Battery",63.8661654135338
"84","Battery",68.5847161572052
"85","CHP",196.511278195489
"86","CHP",228.615720524017
"87","Fuel_Cell",235.813533834586
"88","Fuel_Cell",274.338864628821
"89","Solar",153.750377833753
"90","Battery",63.7900503778338
"91","CHP",196.277078085642
"92","Fuel_Cell",235.532493702771
"93","Solar",183.507692307692
"94","Battery",78.6461538461539
"95","CHP",229.384615384615
"96","Fuel_Cell",275.261538461538
"97","Solar",47.4586750788643
"98","Battery",29.4921766561514
"99","CHP",30.5091482649842
"100","Fuel_Cell",0
"101","Solar",144.118032786885
"102","Battery",58.9573770491803
"103","CHP",180.147540983607
"104","Fuel_Cell",216.177049180328
"105","Solar",183.507692307692
"106","Battery",78.6461538461539
"107","CHP",229.384615384615
"108","Fuel_Cell",275.261538461538
"109","Solar",209.572881355932
"110","Solar",163.38785046729
"111","Solar",144.118032786885
"112","Battery",83.5016949152542
"113","Battery",68.6228971962617
"114","Battery",58.9573770491803
"115","CHP",261.966101694915
"116","CHP",212.404205607477
"117","CHP",180.147540983607
"118","Fuel_Cell",314.359322033898
"119","Fuel_Cell",254.885046728972
"120","Fuel_Cell",216.177049180328
"121","Solar",176.360698689956
"122","Solar",190.441525423729
"123","Battery",68.5847161572052
"124","Battery",78.8033898305085
"125","CHP",228.615720524017
"126","CHP",229.843220338983
"127","Fuel_Cell",274.338864628821
"128","Fuel_Cell",275.81186440678
"129","Solar",190.441525423729
"130","Solar",209.572881355932
"131","Solar",196.59880239521
"132","Battery",78.8033898305085
"133","Battery",83.5016949152542
"134","Battery",83.5544910179641
"135","CHP",229.843220338983
"136","CHP",261.966101694915
"137","CHP",245.748502994012
"138","Fuel_Cell",275.81186440678
"139","Fuel_Cell",314.359322033898
"140","Fuel_Cell",294.898203592814
"141","Solar",47.48625
"142","Battery",30.526875
"143","CHP",30.526875
"144","Fuel_Cell",0
"145","Solar",190.441525423729
"146","Battery",78.8033898305085
"147","CHP",229.843220338983
"148","Fuel_Cell",275.81186440678
"149","Solar",144.118032786885
"150","Solar",509.815603960396
"151","Battery",58.9573770491803
"152","Battery",85.6033663366337
"153","CHP",180.147540983607
"154","CHP",22.8275643564356
"155","Fuel_Cell",216.177049180328
"156","Fuel_Cell",342.413465346535
"157","Solar",248.845714285714
"158","Solar",209.572881355932
"159","Battery",98.2285714285714
"160","Battery",83.5016949152542
"161","CHP",311.057142857143
"162","CHP",261.966101694915
"163","Fuel_Cell",373.268571428571
"164","Fuel_Cell",314.359322033898
"165","Solar",190.441525423729
"166","Battery",78.8033898305085
"167","CHP",229.843220338983
"168","Fuel_Cell",275.81186440678
"169","Solar",202.658823529412
"170","Battery",83.3516129032258
"171","CHP",261.495256166983
"172","Fuel_Cell",313.79430740038
"173","Solar",190.441525423729
"174","Solar",90.95625
"175","Solar",163.38785046729
"176","Battery",78.8033898305085
"177","Battery",38.98125
"178","Battery",68.6228971962617
"179","CHP",229.843220338983
"180","CHP",129.9375
"181","CHP",212.404205607477
"182","Fuel_Cell",275.81186440678
"183","Fuel_Cell",155.925
"184","Fuel_Cell",254.885046728972
"185","Solar",209.572881355932
"186","Solar",154.6488
"187","Battery",83.5016949152542
"188","Battery",64.1628
"189","CHP",261.966101694915
"190","CHP",180.972
"191","Fuel_Cell",314.359322033898
"192","Fuel_Cell",217.1664
"193","Solar",241.9303514377
"194","Battery",98.0798722044728
"195","CHP",310.586261980831
"196","Fuel_Cell",372.703514376997
"197","Solar",196.59880239521
"198","Solar",190.441525423729
"199","Solar",268.98447761194
"200","Battery",83.5544910179641
"201","Battery",78.8033898305085
"202","Battery",108.249850746269
"203","CHP",245.748502994012
"204","CHP",229.843220338983
"205","CHP",328.029850746269
"206","Fuel_Cell",294.898203592814
"207","Fuel_Cell",275.81186440678
"208","Fuel_Cell",393.635820895522
"209","Solar",209.572881355932
"210","Solar",180.406225680934
"211","Battery",83.5016949152542
"212","Battery",115.25953307393
"213","CHP",261.966101694915
"214","CHP",133.634241245136
"215","Fuel_Cell",314.359322033898
"216","Fuel_Cell",0
"217","Solar",176.360698689956
"218","Battery",68.5847161572052
"219","CHP",228.615720524017
"220","Fuel_Cell",274.338864628821
"221","Solar",110.911945392491
"222","Solar",183.390967741935
"223","Solar",209.572881355932
"224","Solar",202.658823529412
"225","Battery",44.038566552901
"226","Battery",73.6838709677419
"227","Battery",83.5016949152542
"228","Battery",83.3516129032258
"229","CHP",146.795221843003
"230","CHP",229.238709677419
"231","CHP",261.966101694915
"232","CHP",261.495256166983
"233","Fuel_Cell",176.154266211604
"234","Fuel_Cell",275.086451612903
"235","Fuel_Cell",314.359322033898
"236","Fuel_Cell",313.79430740038
"237","Solar",190.441525423729
"238","Battery",78.8033898305085
"239","CHP",229.843220338983
"240","Fuel_Cell",275.81186440678
"241","Solar",202.658823529412
"242","Battery",83.3516129032258
"243","CHP",261.495256166983
"244","Fuel_Cell",313.79430740038
"245","Solar",154.6488
"246","Battery",64.1628
"247","CHP",180.972
"248","Fuel_Cell",217.1664
"249","Solar",248.845714285714
"250","Solar",215.141721854305
"251","Battery",98.2285714285714
"252","Battery",141.186754966887
"253","CHP",311.057142857143
"254","CHP",151.271523178808
"255","Fuel_Cell",373.268571428571
"256","Fuel_Cell",0
"257","Solar",153.750377833753
"258","Solar",153.750377833753
"259","Battery",63.7900503778338
"260","Battery",63.7900503778338
"261","CHP",196.277078085642
"262","CHP",196.277078085642
"263","Fuel_Cell",235.532493702771
"264","Fuel_Cell",235.532493702771
"265","Solar",196.59880239521
"266","Solar",173.764285714286
"267","Battery",83.5544910179641
"268","Battery",68.85
"269","CHP",245.748502994012
"270","CHP",213.107142857143
"271","Fuel_Cell",294.898203592814
"272","Fuel_Cell",255.728571428571
"273","Solar",104.844943820225
"274","Battery",44.2314606741573
"275","CHP",131.056179775281
"276","Fuel_Cell",157.267415730337
"277","Solar",47.4586750788643
"278","Battery",29.4921766561514
"279","CHP",30.5091482649842
"280","Fuel_Cell",0
"281","Solar",23.4169811320755
"282","Solar",153.750377833753
"283","Battery",13.0466037735849
"284","Battery",63.7900503778338
"285","CHP",16.7264150943396
"286","CHP",196.277078085642
"287","Fuel_Cell",0
"288","Fuel_Cell",235.532493702771
"289","Solar",183.390967741935
"290","Solar",248.845714285714
"291","Battery",73.6838709677419
"292","Battery",98.2285714285714
"293","CHP",229.238709677419
"294","CHP",311.057142857143
"295","Fuel_Cell",275.086451612903
"296","Fuel_Cell",373.268571428571
"297","Solar",183.390967741935
"298","Battery",73.6838709677419
"299","CHP",229.238709677419
"300","Fuel_Cell",275.086451612903
"301","Solar",190.441525423729
"302","Battery",78.8033898305085
"303","CHP",229.843220338983
"304","Fuel_Cell",275.81186440678
"305","Solar",209.572881355932
"306","Solar",190.441525423729
"307","Solar",189.568421052632
"308","Battery",83.5016949152542
"309","Battery",78.8033898305085
"310","Battery",78.4421052631579
"311","CHP",261.966101694915
"312","CHP",229.843220338983
"313","CHP",245.131578947368
"314","Fuel_Cell",314.359322033898
"315","Fuel_Cell",275.81186440678
"316","Fuel_Cell",294.157894736842
"317","Solar",137.090807799443
"318","Battery",53.8571030640669
"319","CHP",179.523676880223
"320","Fuel_Cell",215.428412256267
"321","Solar",334.437844311377
"322","Battery",132.791497005988
"323","CHP",409.850299401198
"324","Fuel_Cell",491.820359281437
"325","Solar",301.327058823529
"326","Battery",122.823529411765
"327","CHP",376.658823529412
"328","Fuel_Cell",451.990588235294
"329","Solar",26.6553191489362
"330","Solar",222.780952380952
"331","Battery",15.9931914893617
"332","Battery",93.3714285714286
"333","CHP",19.9914893617021
"334","CHP",278.47619047619
"335","Fuel_Cell",0
"336","Fuel_Cell",334.171428571429
"337","Solar",196.59880239521
"338","Solar",281.202206896552
"339","Battery",83.5544910179641
"340","Battery",112.807862068966
"341","CHP",245.748502994012
"342","CHP",359.67724137931
"343","Fuel_Cell",294.898203592814
"344","Fuel_Cell",431.612689655172
"345","Solar",209.572881355932
"346","Solar",202.658823529412
"347","Battery",83.5016949152542
"348","Battery",83.3516129032258
"349","CHP",261.966101694915
"350","CHP",261.495256166983
"351","Fuel_Cell",314.359322033898
"352","Fuel_Cell",313.79430740038
"353","Solar",202.658823529412
"354","Battery",83.3516129032258
"355","CHP",261.495256166983
"356","Fuel_Cell",313.79430740038
"357","Solar",44.3181818181818
"358","Solar",30.4605633802817
"359","Solar",34.75
"360","Battery",29.6590909090909
"361","Battery",21.3223943661972
"362","Battery",22.935
"363","CHP",27.2727272727273
"364","CHP",20.3070422535211
"365","CHP",17.375
"366","Fuel_Cell",0
"367","Fuel_Cell",0
"368","Fuel_Cell",0
"369","Solar",406.828685258964
"370","Solar",64.0084090909091
"371","Solar",189.568421052632
"372","Solar",30.4605633802817
"373","Battery",157.482071713147
"374","Battery",40.4263636363636
"375","Battery",78.4421052631579
"376","Battery",21.3223943661972
"377","CHP",492.131474103586
"378","CHP",43.7952272727273
"379","CHP",245.131578947368
"380","CHP",20.3070422535211
"381","Fuel_Cell",590.557768924303
"382","Fuel_Cell",0
"383","Fuel_Cell",294.157894736842
"384","Fuel_Cell",0
"385","Solar",123.353846153846
"386","Battery",53.5615384615385
"387","CHP",178.538461538462
"388","Fuel_Cell",214.246153846154
"389","Solar",27.1542857142857
"390","Solar",126.502417582418
"391","Battery",15.2742857142857
"392","Battery",79.8962637362637
"393","CHP",16.9714285714286
"394","CHP",96.5413186813187
"395","Fuel_Cell",0
"396","Fuel_Cell",0
"397","Solar",77.9179245283019
"398","Solar",229.712784588441
"399","Battery",50.8160377358491
"400","Battery",93.5259194395797
"401","CHP",50.8160377358491
"402","CHP",278.936952714536
"403","Fuel_Cell",0
"404","Fuel_Cell",334.724343257443
"405","Solar",173.090909090909
"406","Solar",189.568421052632
"407","Battery",69.5454545454545
"408","Battery",78.4421052631579
"409","CHP",216.363636363636
"410","CHP",245.131578947368
"411","Fuel_Cell",0
"412","Fuel_Cell",294.157894736842
"413","Solar",262.054054054054
"414","Battery",108.097297297297
"415","CHP",327.567567567568
"416","Fuel_Cell",393.081081081081
"417","Solar",467.937419945105
"418","Battery",173.005032021958
"419","CHP",527.253430924062
"420","Fuel_Cell",632.704117108875
"421","Solar",190.441525423729
"422","Solar",262.054054054054
"423","Battery",78.8033898305085
"424","Battery",108.097297297297
"425","CHP",229.843220338983
"426","CHP",327.567567567568
"427","Fuel_Cell",275.81186440678
"428","Fuel_Cell",393.081081081081
"429","Solar",327.391304347826
"430","Solar",334.437844311377
"431","Battery",127.682608695652
"432","Battery",132.791497005988
"433","CHP",409.239130434783
"434","CHP",409.850299401198
"435","Fuel_Cell",491.086956521739
"436","Fuel_Cell",491.820359281437
"437","Solar",163.38785046729
"438","Battery",68.6228971962617
"439","CHP",212.404205607477
"440","Fuel_Cell",254.885046728972
"441","Solar",2.97692307692308
"442","Solar",176.360698689956
"443","Solar",262.054054054054
"444","Battery",2.67923076923077
"445","Battery",68.5847161572052
"446","Battery",108.097297297297
"447","CHP",5.95384615384615
"448","CHP",228.615720524017
"449","CHP",327.567567567568
"450","Fuel_Cell",0
"451","Fuel_Cell",274.338864628821
"452","Fuel_Cell",393.081081081081
"453","Solar",241.9303514377
"454","Battery",98.0798722044728
"455","CHP",310.586261980831
"456","Fuel_Cell",372.703514376997
"457","Solar",176.360698689956
"458","Solar",202.658823529412
"459","Battery",68.5847161572052
"460","Battery",83.3516129032258
"461","CHP",228.615720524017
"462","CHP",261.495256166983
"463","Fuel_Cell",274.338864628821
"464","Fuel_Cell",313.79430740038
"465","Solar",820.07134935305
"466","Solar",144.118032786885
"467","Solar",64.5425581395349
"468","Solar",413.775
"469","Battery",487.976340110906
"470","Battery",58.9573770491803
"471","Battery",40.7637209302326
"472","Battery",157.628571428571
"473","CHP",525.252310536044
"474","CHP",180.147540983607
"475","CHP",40.7637209302326
"476","CHP",492.589285714286
"477","Fuel_Cell",0
"478","Fuel_Cell",216.177049180328
"479","Fuel_Cell",0
"480","Fuel_Cell",591.107142857143
"481","Solar",124.117933130699
"482","Solar",321.347132169576
"483","Solar",77.9179245283019
"484","Solar",209.572881355932
"485","Battery",53.8933130699088
"486","Battery",127.883042394015
"487","Battery",50.8160377358491
"488","Battery",83.5016949152542
"489","CHP",163.313069908815
"490","CHP",393.486284289277
"491","CHP",50.8160377358491
"492","CHP",261.966101694915
"493","Fuel_Cell",195.975683890577
"494","Fuel_Cell",472.183541147132
"495","Fuel_Cell",0
"496","Fuel_Cell",314.359322033898
"497","Solar",288.118518518518
"498","Solar",190.441525423729
"499","Solar",77.9179245283019
"500","Solar",467.937419945105
"501","Solar",482.156097560976
"502","Battery",112.955555555556
"503","Battery",78.8033898305085
"504","Battery",50.8160377358491
"505","Battery",173.005032021958
"506","Battery",183.285365853659
"507","CHP",360.148148148148
"508","CHP",229.843220338983
"509","CHP",50.8160377358491
"510","CHP",527.253430924062
"511","CHP",528.390243902439
"512","Fuel_Cell",432.177777777778
"513","Fuel_Cell",275.81186440678
"514","Fuel_Cell",0
"515","Fuel_Cell",632.704117108875
"516","Fuel_Cell",634.068292682927
"517","Solar",30.4605633802817
"518","Solar",53.9136
"519","Solar",327.391304347826
"520","Solar",229.712784588441
"521","Solar",183.390967741935
"522","Solar",196.59880239521
"523","Battery",21.3223943661972
"524","Battery",35.3808
"525","Battery",127.682608695652
"526","Battery",93.5259194395797
"527","Battery",73.6838709677419
"528","Battery",83.5544910179641
"529","CHP",20.3070422535211
"530","CHP",37.0656
"531","CHP",409.239130434783
"532","CHP",278.936952714536
"533","CHP",229.238709677419
"534","CHP",245.748502994012
"535","Fuel_Cell",0
"536","Fuel_Cell",0
"537","Fuel_Cell",491.086956521739
"538","Fuel_Cell",334.724343257443
"539","Fuel_Cell",275.086451612903
"540","Fuel_Cell",294.898203592814
"541","Solar",367.558011049724
"542","Solar",202.658823529412
"543","Solar",202.658823529412
"544","Battery",142.756906077348
"545","Battery",83.3516129032258
"546","Battery",83.3516129032258
"547","CHP",443.038674033149
"548","CHP",261.495256166983
"549","CHP",261.495256166983
"550","Fuel_Cell",531.646408839779
"551","Fuel_Cell",313.79430740038
"552","Fuel_Cell",313.79430740038
"553","Solar",302.225572005384
"554","Solar",189.568421052632
"555","Solar",19.7506849315068
"556","Battery",123.189771197847
"557","Battery",78.4421052631579
"558","Battery",11.8504109589041
"559","CHP",361.35666218035
"560","CHP",245.131578947368
"561","CHP",16.458904109589
"562","Fuel_Cell",433.62799461642
"563","Fuel_Cell",294.157894736842
"564","Fuel_Cell",0
"565","Solar",173.764285714286
"566","Battery",68.85
"567","CHP",213.107142857143
"568","Fuel_Cell",255.728571428571
"569","Solar",183.390967741935
"570","Battery",73.6838709677419
"571","CHP",229.238709677419
"572","Fuel_Cell",275.086451612903
"573","Solar",440.900760456274
"574","Solar",222.780952380952
"575","Battery",167.805513307985
"576","Battery",93.3714285714286
"577","CHP",509.997148288973
"578","CHP",278.47619047619
"579","Fuel_Cell",611.996577946768
"580","Fuel_Cell",334.171428571429
"581","Solar",507.192281879195
"582","Solar",440.900760456274
"583","Solar",190.441525423729
"584","Battery",187.727013422819
"585","Battery",167.805513307985
"586","Battery",78.8033898305085
"587","CHP",576.354865771812
"588","CHP",509.997148288973
"589","CHP",229.843220338983
"590","Fuel_Cell",691.625838926174
"591","Fuel_Cell",611.996577946768
"592","Fuel_Cell",275.81186440678
"593","Solar",183.507692307692
"594","Battery",78.6461538461539
"595","CHP",229.384615384615
"596","Fuel_Cell",275.261538461538
"597","Solar",180.406225680934
"598","Solar",613.997173144876
"599","Battery",115.25953307393
"600","Battery",232.724734982332
"601","CHP",133.634241245136
"602","CHP",676.717314487633
"603","Fuel_Cell",0
"604","Fuel_Cell",812.060777385159
"605","Solar",493.251689189189
"606","Solar",30.4605633802817
"607","Battery",187.435641891892
"608","Battery",21.3223943661972
"609","CHP",575.460304054054
"610","CHP",20.3070422535211
"611","Fuel_Cell",690.552364864865
"612","Fuel_Cell",0
"613","Solar",202.658823529412
"614","Battery",83.3516129032258
"615","CHP",261.495256166983
"616","Fuel_Cell",313.79430740038
"617","Solar",163.38785046729
"618","Solar",190.441525423729
"619","Battery",68.6228971962617
"620","Battery",78.8033898305085
"621","CHP",212.404205607477
"622","CHP",229.843220338983
"623","Fuel_Cell",254.885046728972
"624","Fuel_Cell",275.81186440678
"625","Solar",27.1255813953488
"626","Battery",14.2409302325581
"627","CHP",16.953488372093
"628","Fuel_Cell",0
"629","Solar",361.535836177474
"630","Battery",142.970989761092
"631","CHP",427.269624573379
"632","Fuel_Cell",512.723549488055
"633","Solar",209.572881355932
"634","Battery",83.5016949152542
"635","CHP",261.966101694915
"636","Fuel_Cell",314.359322033898
"637","Solar",173.764285714286
"638","Solar",724.763466042155
"639","Battery",68.85
"640","Battery",276.727868852459
"641","CHP",213.107142857143
"642","CHP",823.594847775176
"643","Fuel_Cell",255.728571428571
"644","Fuel_Cell",988.313817330211
"645","Solar",433.69980806142
"646","Solar",209.572881355932
"647","Solar",222.780952380952
"648","Battery",157.709021113244
"649","Battery",83.5016949152542
"650","Battery",93.3714285714286
"651","CHP",509.268714011516
"652","CHP",261.966101694915
"653","CHP",278.47619047619
"654","Fuel_Cell",611.122456813819
"655","Fuel_Cell",314.359322033898
"656","Fuel_Cell",334.171428571429
"657","Solar",283.004405286344
"658","Solar",460.95867768595
"659","Solar",202.658823529412
"660","Battery",113.530837004405
"661","Battery",172.859504132231
"662","Battery",83.3516129032258
"663","CHP",329.074889867841
"664","CHP",526.809917355372
"665","CHP",261.495256166983
"666","Fuel_Cell",394.88986784141
"667","Fuel_Cell",632.171900826446
"668","Fuel_Cell",313.79430740038
"669","Solar",190.441525423729
"670","Solar",40.4698884758364
"671","Battery",78.8033898305085
"672","Battery",23.2701858736059
"673","CHP",229.843220338983
"674","CHP",26.9799256505576
"675","Fuel_Cell",275.81186440678
"676","Fuel_Cell",0
"677","Solar",262.95652173913
"678","Solar",963.018652849741
"679","Battery",108.469565217391
"680","Battery",356.441968911917
"681","CHP",312.260869565217
"682","CHP",1094.33937823834
"683","Fuel_Cell",374.713043478261
"684","Fuel_Cell",0
"685","Solar",82.1305418719212
"686","Solar",90.95625
"687","Solar",183.507692307692
"688","Battery",34.4948275862069
"689","Battery",38.98125
"690","Battery",78.6461538461539
"691","CHP",98.5566502463054
"692","CHP",129.9375
"693","CHP",229.384615384615
"694","Fuel_Cell",118.267980295567
"695","Fuel_Cell",155.925
"696","Fuel_Cell",275.261538461538
"697","Solar",173.764285714286
"698","Solar",196.59880239521
"699","Battery",68.85
"700","Battery",83.5544910179641
"701","CHP",213.107142857143
"702","CHP",245.748502994012
"703","Fuel_Cell",255.728571428571
"704","Fuel_Cell",294.898203592814
"705","Solar",400.685538461538
"706","Battery",152.720307692308
"707","CHP",476.224615384615
"708","Fuel_Cell",571.469538461538
"709","Solar",341.495486935867
"710","Battery",137.911638954869
"711","CHP",410.451306413302
"712","Fuel_Cell",492.541567695962
"713","Solar",222.780952380952
"714","Battery",93.3714285714286
"715","CHP",278.47619047619
"716","Fuel_Cell",334.171428571429
"717","Solar",315.197930142303
"718","Battery",123.124191461837
"719","CHP",377.5808538163
"720","Fuel_Cell",453.09702457956
"721","Solar",173.764285714286
"722","Battery",68.85
"723","CHP",213.107142857143
"724","Fuel_Cell",255.728571428571
"725","Solar",532.516601714731
"726","Solar",229.712784588441
"727","Solar",585.70964028777
"728","Solar",419.800386847195
"729","Battery",202.159080280592
"730","Battery",93.5259194395797
"731","Battery",217.173237410072
"732","Battery",157.425145067698
"733","CHP",624.556508183944
"734","CHP",278.936952714536
"735","CHP",674.553237410072
"736","CHP",508.352030947776
"737","Fuel_Cell",749.467809820733
"738","Fuel_Cell",334.724343257443
"739","Fuel_Cell",809.463884892086
"740","Fuel_Cell",610.022437137331
"741","Solar",190.441525423729
"742","Battery",78.8033898305085
"743","CHP",229.843220338983
"744","Fuel_Cell",275.81186440678
"745","Solar",341.495486935867
"746","Solar",234.660550458716
"747","Battery",137.911638954869
"748","Battery",145.824770642202
"749","CHP",410.451306413302
"750","CHP",167.614678899083
"751","Fuel_Cell",492.541567695962
"752","Fuel_Cell",0
"753","Solar",248.845714285714
"754","Solar",281.202206896552
"755","Battery",98.2285714285714
"756","Battery",112.807862068966
"757","CHP",311.057142857143
"758","CHP",359.67724137931
"759","Fuel_Cell",373.268571428571
"760","Fuel_Cell",431.612689655172
"761","Solar",624.971121558093
"762","Solar",514.173913043478
"763","Solar",173.764285714286
"764","Solar",173.764285714286
"765","Battery",231.897179314977
"766","Battery",187.871237458194
"767","Battery",68.85
"768","Battery",68.85
"769","CHP",723.650772330423
"770","CHP",576.797658862876
"771","CHP",213.107142857143
"772","CHP",213.107142857143
"773","Fuel_Cell",868.380926796508
"774","Fuel_Cell",692.157190635451
"775","Fuel_Cell",255.728571428571
"776","Fuel_Cell",255.728571428571
"777","Solar",176.603571428571
"778","Solar",202.658823529412
"779","Solar",413.775
"780","Solar",196.59880239521
"781","Solar",190.441525423729
"782","Battery",109.960714285714
"783","Battery",83.3516129032258
"784","Battery",157.628571428571
"785","Battery",83.5544910179641
"786","Battery",78.8033898305085
"787","CHP",133.285714285714
"788","CHP",261.495256166983
"789","CHP",492.589285714286
"790","CHP",245.748502994012
"791","CHP",229.843220338983
"792","Fuel_Cell",0
"793","Fuel_Cell",313.79430740038
"794","Fuel_Cell",591.107142857143
"795","Fuel_Cell",294.898203592814
"796","Fuel_Cell",275.81186440678
"797","Solar",94.3848837209302
"798","Solar",53.9136
"799","Solar",190.441525423729
"800","Solar",53.9136
"801","Solar",104.844943820225
"802","Battery",39.0558139534884
"803","Battery",35.3808
"804","Battery",78.8033898305085
"805","Battery",35.3808
"806","Battery",44.2314606741573
"807","CHP",130.186046511628
"808","CHP",37.0656
"809","CHP",229.843220338983
"810","CHP",37.0656
"811","CHP",131.056179775281
"812","Fuel_Cell",156.223255813954
"813","Fuel_Cell",0
"814","Fuel_Cell",275.81186440678
"815","Fuel_Cell",0
"816","Fuel_Cell",157.267415730337
"817","Solar",514.173913043478
"818","Solar",380.765993623804
"819","Solar",47.48625
"820","Solar",7.90779661016949
"821","Solar",474.924339106655
"822","Battery",187.871237458194
"823","Battery",152.634643995749
"824","Battery",30.526875
"825","Battery",4.94237288135593
"826","Battery",173.149498632634
"827","CHP",576.797658862876
"828","CHP",459.545164718385
"829","CHP",30.526875
"830","CHP",6.58983050847458
"831","CHP",527.693710118505
"832","Fuel_Cell",692.157190635451
"833","Fuel_Cell",551.454197662062
"834","Fuel_Cell",0
"835","Fuel_Cell",0
"836","Fuel_Cell",633.232452142206
"837","Solar",190.441525423729
"838","Solar",196.59880239521
"839","Solar",133.646218487395
"840","Solar",164.261083743842
"841","Battery",78.8033898305085
"842","Battery",83.5544910179641
"843","Battery",53.7844537815126
"844","Battery",68.9896551724138
"845","CHP",229.843220338983
"846","CHP",245.748502994012
"847","CHP",179.281512605042
"848","CHP",197.113300492611
"849","Fuel_Cell",275.81186440678
"850","Fuel_Cell",294.898203592814
"851","Fuel_Cell",215.13781512605
"852","Fuel_Cell",236.535960591133
"853","Solar",88.2969827586207
"854","Solar",666.569641214351
"855","Battery",39.2431034482759
"856","Battery",247.627506899724
"857","CHP",114.459051724138
"858","CHP",778.702851885925
"859","Fuel_Cell",137.350862068966
"860","Fuel_Cell",0
"861","Solar",176.360698689956
"862","Solar",196.59880239521
"863","Battery",68.5847161572052
"864","Battery",83.5544910179641
"865","CHP",228.615720524017
"866","CHP",245.748502994012
"867","Fuel_Cell",274.338864628821
"868","Fuel_Cell",294.898203592814
"869","Solar",190.885970149254
"870","Solar",176.360698689956
"871","Solar",373.710064239829
"872","Battery",78.509552238806
"873","Battery",68.5847161572052
"874","Battery",147.517130620985
"875","CHP",246.30447761194
"876","CHP",228.615720524017
"877","CHP",458.942184154176
"878","Fuel_Cell",0
"879","Fuel_Cell",274.338864628821
"880","Fuel_Cell",550.730620985011
"881","Solar",163.38785046729
"882","Solar",380.765993623804
"883","Solar",64.5425581395349
"884","Solar",585.70964028777
"885","Solar",196.59880239521
"886","Battery",68.6228971962617
"887","Battery",152.634643995749
"888","Battery",40.7637209302326
"889","Battery",217.173237410072
"890","Battery",83.5544910179641
"891","CHP",212.404205607477
"892","CHP",459.545164718385
"893","CHP",40.7637209302326
"894","CHP",674.553237410072
"895","CHP",245.748502994012
"896","Fuel_Cell",254.885046728972
"897","Fuel_Cell",551.454197662062
"898","Fuel_Cell",0
"899","Fuel_Cell",809.463884892086
"900","Fuel_Cell",294.898203592814
"901","Solar",67.3010526315789
"902","Solar",81.0589090909091
"903","Solar",241.9303514377
"904","Solar",190.441525423729
"905","Battery",45.4282105263158
"906","Battery",50.6618181818182
"907","Battery",98.0798722044728
"908","Battery",78.8033898305085
"909","CHP",47.1107368421053
"910","CHP",54.0392727272727
"911","CHP",310.586261980831
"912","CHP",229.843220338983
"913","Fuel_Cell",0
"914","Fuel_Cell",0
"915","Fuel_Cell",372.703514376997
"916","Fuel_Cell",275.81186440678
"917","Solar",367.558011049724
"918","Solar",546.449883810999
"919","Solar",47.48625
"920","Solar",474.924339106655
"921","Battery",142.756906077348
"922","Battery",202.449806351665
"923","Battery",30.526875
"924","Battery",173.149498632634
"925","CHP",443.038674033149
"926","CHP",625.454686289698
"927","CHP",30.526875
"928","CHP",527.693710118505
"929","Fuel_Cell",531.646408839779
"930","Fuel_Cell",750.545623547637
"931","Fuel_Cell",0
"932","Fuel_Cell",633.232452142206
"933","Solar",308.256436931079
"934","Solar",373.710064239829
"935","Solar",53.9136
"936","Solar",460.95867768595
"937","Solar",144.118032786885
"938","Solar",281.202206896552
"939","Solar",74.64
"940","Battery",122.974642392718
"941","Battery",147.517130620985
"942","Battery",35.3808
"943","Battery",172.859504132231
"944","Battery",58.9573770491803
"945","Battery",112.807862068966
"946","Battery",45.8018181818182
"947","CHP",377.122236671001
"948","CHP",458.942184154176
"949","CHP",37.0656
"950","CHP",526.809917355372
"951","CHP",180.147540983607
"952","CHP",359.67724137931
"953","CHP",47.4981818181818
"954","Fuel_Cell",452.546684005202
"955","Fuel_Cell",550.730620985011
"956","Fuel_Cell",0
"957","Fuel_Cell",632.171900826446
"958","Fuel_Cell",216.177049180328
"959","Fuel_Cell",431.612689655172
"960","Fuel_Cell",0
"961","Solar",639.036
"962","Solar",144.118032786885
"963","Battery",237.168
"964","Battery",58.9573770491803
"965","CHP",724.68
"966","CHP",180.147540983607
"967","Fuel_Cell",869.616
"968","Fuel_Cell",216.177049180328
"969","Solar",74.64
"970","Solar",248.845714285714
"971","Solar",176.360698689956
"972","Solar",248.845714285714
"973","Solar",315.197930142303
"974","Solar",173.764285714286
"975","Battery",45.8018181818182
"976","Battery",98.2285714285714
"977","Battery",68.5847161572052
"978","Battery",98.2285714285714
"979","Battery",123.124191461837
"980","Battery",68.85
"981","CHP",47.4981818181818
"982","CHP",311.057142857143
"983","CHP",228.615720524017
"984","CHP",311.057142857143
"985","CHP",377.5808538163
"986","CHP",213.107142857143
"987","Fuel_Cell",0
"988","Fuel_Cell",373.268571428571
"989","Fuel_Cell",274.338864628821
"990","Fuel_Cell",373.268571428571
"991","Fuel_Cell",453.09702457956
"992","Fuel_Cell",255.728571428571
"993","Solar",262.95652173913
"994","Solar",153.750377833753
"995","Solar",248.845714285714
"996","Battery",108.469565217391
"997","Battery",63.7900503778338
"998","Battery",98.2285714285714
"999","CHP",312.260869565217
"1000","CHP",196.277078085642
"1001","CHP",311.057142857143
"1002","Fuel_Cell",374.713043478261
"1003","Fuel_Cell",235.532493702771
"1004","Fuel_Cell",373.268571428571
"1005","Solar",190.441525423729
"1006","Solar",528.514427040396
"1007","Solar",36.8096525096525
"1008","Battery",78.8033898305085
"1009","Battery",203.147732893652
"1010","Battery",23.0896911196911
"1011","CHP",229.843220338983
"1012","CHP",578.062654575433
"1013","CHP",26.7706563706564
"1014","Fuel_Cell",275.81186440678
"1015","Fuel_Cell",693.675185490519
"1016","Fuel_Cell",0
"1017","Solar",114.478187919463
"1018","Solar",91.7538461538462
"1019","Battery",49.0620805369127
"1020","Battery",39.3230769230769
"1021","CHP",147.186241610738
"1022","CHP",114.692307692308
"1023","Fuel_Cell",176.623489932886
"1024","Fuel_Cell",137.630769230769
"1025","Solar",200.25
"1026","Solar",183.507692307692
"1027","Solar",678.292682926829
"1028","Solar",64.0084090909091
"1029","Solar",241.9303514377
"1030","Solar",154.6488
"1031","Battery",130.1625
"1032","Battery",78.6461538461539
"1033","Battery",251.890243902439
"1034","Battery",40.4263636363636
"1035","Battery",98.0798722044728
"1036","Battery",64.1628
"1037","CHP",150.1875
"1038","CHP",229.384615384615
"1039","CHP",773.780487804878
"1040","CHP",43.7952272727273
"1041","CHP",310.586261980831
"1042","CHP",180.972
"1043","Fuel_Cell",0
"1044","Fuel_Cell",275.261538461538
"1045","Fuel_Cell",928.536585365854
"1046","Fuel_Cell",0
"1047","Fuel_Cell",372.703514376997
"1048","Fuel_Cell",217.1664
"1049","Solar",164.261083743842
"1050","Solar",394.672286617492
"1051","Solar",165.375
"1052","Solar",467.937419945105
"1053","Solar",176.360698689956
"1054","Solar",400.685538461538
"1055","Battery",68.9896551724138
"1056","Battery",152.935511064278
"1057","Battery",99.225
"1058","Battery",173.005032021958
"1059","Battery",68.5847161572052
"1060","Battery",152.720307692308
"1061","CHP",197.113300492611
"1062","CHP",460.451001053741
"1063","CHP",132.3
"1064","CHP",527.253430924062
"1065","CHP",228.615720524017
"1066","CHP",476.224615384615
"1067","Fuel_Cell",236.535960591133
"1068","Fuel_Cell",552.541201264489
"1069","Fuel_Cell",0
"1070","Fuel_Cell",632.704117108875
"1071","Fuel_Cell",274.338864628821
"1072","Fuel_Cell",571.469538461538
"1073","Solar",183.390967741935
"1074","Solar",493.251689189189
"1075","Solar",147.699460916442
"1076","Solar",144.118032786885
"1077","Solar",196.59880239521
"1078","Solar",489.27684021544
"1079","Solar",660.237154150198
"1080","Battery",73.6838709677419
"1081","Battery",187.435641891892
"1082","Battery",64.0030997304582
"1083","Battery",58.9573770491803
"1084","Battery",83.5544910179641
"1085","Battery",188.437701974865
"1086","Battery",247.588932806324
"1087","CHP",229.238709677419
"1088","CHP",575.460304054054
"1089","CHP",180.521563342318
"1090","CHP",180.147540983607
"1091","CHP",245.748502994012
"1092","CHP",528.947935368043
"1093","CHP",726.260869565217
"1094","Fuel_Cell",275.086451612903
"1095","Fuel_Cell",690.552364864865
"1096","Fuel_Cell",216.625876010782
"1097","Fuel_Cell",216.177049180328
"1098","Fuel_Cell",294.898203592814
"1099","Fuel_Cell",634.737522441652
"1100","Fuel_Cell",871.513043478261
"1101","Solar",47.48625
"1102","Solar",144.118032786885
"1103","Solar",553.427027027027
"1104","Solar",183.390967741935
"1105","Battery",30.526875
"1106","Battery",58.9573770491803
"1107","Battery",202.593822393822
"1108","Battery",73.6838709677419
"1109","CHP",30.526875
"1110","CHP",180.147540983607
"1111","CHP",625.899613899614
"1112","CHP",229.238709677419
"1113","Fuel_Cell",0
"1114","Fuel_Cell",216.177049180328
"1115","Fuel_Cell",751.079536679537
"1116","Fuel_Cell",275.086451612903
"1117","Solar",222.780952380952
"1118","Solar",153.750377833753
"1119","Solar",124.117933130699
"1120","Solar",678.292682926829
"1121","Solar",36.776953125
"1122","Solar",315.197930142303
"1123","Solar",57.71925
"1124","Battery",93.3714285714286
"1125","Battery",63.7900503778338
"1126","Battery",53.8933130699088
"1127","Battery",251.890243902439
"1128","Battery",22.066171875
"1129","Battery",123.124191461837
"1130","Battery",40.743
"1131","CHP",278.47619047619
"1132","CHP",196.277078085642
"1133","CHP",163.313069908815
"1134","CHP",773.780487804878
"1135","CHP",26.746875
"1136","CHP",377.5808538163
"1137","CHP",37.34775
"1138","Fuel_Cell",334.171428571429
"1139","Fuel_Cell",235.532493702771
"1140","Fuel_Cell",195.975683890577
"1141","Fuel_Cell",928.536585365854
"1142","Fuel_Cell",0
"1143","Fuel_Cell",453.09702457956
"1144","Fuel_Cell",0
"1145","Solar",567.757317073171
"1146","Solar",202.658823529412
"1147","Solar",173.764285714286
"1148","Solar",447.990934844193
"1149","Solar",539.47972027972
"1150","Solar",222.780952380952
"1151","Solar",413.775
"1152","Battery",217.860365853659
"1153","Battery",83.3516129032258
"1154","Battery",68.85
"1155","Battery",172.937677053824
"1156","Battery",202.304895104895
"1157","Battery",93.3714285714286
"1158","Battery",157.628571428571
"1159","CHP",627.173780487805
"1160","CHP",261.495256166983
"1161","CHP",213.107142857143
"1162","CHP",510.57790368272
"1163","CHP",625.006993006993
"1164","CHP",278.47619047619
"1165","CHP",492.589285714286
"1166","Fuel_Cell",752.608536585366
"1167","Fuel_Cell",313.79430740038
"1168","Fuel_Cell",255.728571428571
"1169","Fuel_Cell",612.693484419263
"1170","Fuel_Cell",750.008391608392
"1171","Fuel_Cell",334.171428571429
"1172","Fuel_Cell",591.107142857143
"1173","Solar",209.572881355932
"1174","Solar",380.765993623804
"1175","Solar",599.781584582441
"1176","Solar",189.568421052632
"1177","Solar",664.234005037783
"1178","Battery",83.5016949152542
"1179","Battery",152.634643995749
"1180","Battery",222.446466809422
"1181","Battery",78.4421052631579
"1182","Battery",246.621536523929
"1183","CHP",261.966101694915
"1184","CHP",459.545164718385
"1185","CHP",675.578158458244
"1186","CHP",245.131578947368
"1187","CHP",772.747481108312
"1188","Fuel_Cell",314.359322033898
"1189","Fuel_Cell",551.454197662062
"1190","Fuel_Cell",810.693790149893
"1191","Fuel_Cell",294.157894736842
"1192","Fuel_Cell",927.296977329975
"1193","Solar",176.360698689956
"1194","Solar",646.254834437086
"1195","Solar",698.474679682733
"1196","Solar",202.658823529412
"1197","Solar",447.990934844193
"1198","Battery",68.5847161572052
"1199","Battery",247.291390728477
"1200","Battery",261.928004881025
"1201","Battery",83.3516129032258
"1202","Battery",172.937677053824
"1203","CHP",228.615720524017
"1204","CHP",725.388079470199
"1205","CHP",790.726052471019
"1206","CHP",261.495256166983
"1207","CHP",510.57790368272
"1208","Fuel_Cell",274.338864628821
"1209","Fuel_Cell",870.465695364239
"1210","Fuel_Cell",948.871262965223
"1211","Fuel_Cell",313.79430740038
"1212","Fuel_Cell",612.693484419263
"1213","Solar",229.712784588441
"1214","Solar",183.390967741935
"1215","Battery",93.5259194395797
"1216","Battery",73.6838709677419
"1217","CHP",278.936952714536
"1218","CHP",229.238709677419
"1219","Fuel_Cell",334.724343257443
"1220","Fuel_Cell",275.086451612903
"1221","Solar",202.658823529412
"1222","Solar",154.6488
"1223","Solar",380.765993623804
"1224","Solar",373.710064239829
"1225","Solar",176.360698689956
"1226","Solar",36.776953125
"1227","Battery",83.3516129032258
"1228","Battery",64.1628
"1229","Battery",152.634643995749
"1230","Battery",147.517130620985
"1231","Battery",68.5847161572052
"1232","Battery",22.066171875
"1233","CHP",261.495256166983
"1234","CHP",180.972
"1235","CHP",459.545164718385
"1236","CHP",458.942184154176
"1237","CHP",228.615720524017
"1238","CHP",26.746875
"1239","Fuel_Cell",313.79430740038
"1240","Fuel_Cell",217.1664
"1241","Fuel_Cell",551.454197662062
"1242","Fuel_Cell",550.730620985011
"1243","Fuel_Cell",274.338864628821
"1244","Fuel_Cell",0
"1245","Solar",717.551236749117
"1246","Solar",710.581345926801
"1247","Solar",183.390967741935
"1248","Solar",413.775
"1249","Solar",373.710064239829
"1250","Solar",183.390967741935
"1251","Battery",266.613074204947
"1252","Battery",266.46800472255
"1253","Battery",73.6838709677419
"1254","Battery",157.628571428571
"1255","Battery",147.517130620985
"1256","Battery",73.6838709677419
"1257","CHP",822.879858657244
"1258","CHP",822.432113341204
"1259","CHP",229.238709677419
"1260","CHP",492.589285714286
"1261","CHP",458.942184154176
"1262","CHP",229.238709677419
"1263","Fuel_Cell",987.455830388693
"1264","Fuel_Cell",986.918536009445
"1265","Fuel_Cell",275.086451612903
"1266","Fuel_Cell",591.107142857143
"1267","Fuel_Cell",550.730620985011
"1268","Fuel_Cell",275.086451612903
"1269","Solar",183.390967741935
"1270","Solar",101.270610687023
"1271","Solar",183.390967741935
"1272","Solar",101.270610687023
"1273","Battery",73.6838709677419
"1274","Battery",39.2015267175573
"1275","Battery",73.6838709677419
"1276","Battery",39.2015267175573
"1277","CHP",229.238709677419
"1278","CHP",130.671755725191
"1279","CHP",229.238709677419
"1280","CHP",130.671755725191
"1281","Fuel_Cell",275.086451612903
"1282","Fuel_Cell",156.806106870229
"1283","Fuel_Cell",275.086451612903
"1284","Fuel_Cell",156.806106870229
"1285","Solar",646.254834437086
"1286","Solar",532.516601714731
"1287","Solar",173.764285714286
"1288","Solar",236.77785467128
"1289","Solar",624.971121558093
"1290","Solar",153.750377833753
"1291","Battery",247.291390728477
"1292","Battery",202.159080280592
"1293","Battery",68.85
"1294","Battery",98.6574394463668
"1295","Battery",231.897179314977
"1296","Battery",63.7900503778338
"1297","CHP",725.388079470199
"1298","CHP",624.556508183944
"1299","CHP",213.107142857143
"1300","CHP",279.529411764706
"1301","CHP",723.650772330423
"1302","CHP",196.277078085642
"1303","Fuel_Cell",870.465695364239
"1304","Fuel_Cell",749.467809820733
"1305","Fuel_Cell",255.728571428571
"1306","Fuel_Cell",335.435294117647
"1307","Fuel_Cell",868.380926796508
"1308","Fuel_Cell",235.532493702771
"1309","Solar",268.98447761194
"1310","Solar",40.4698884758364
"1311","Solar",53.9136
"1312","Solar",67.68
"1313","Solar",64.5425581395349
"1314","Solar",202.658823529412
"1315","Solar",202.658823529412
"1316","Battery",108.249850746269
"1317","Battery",23.2701858736059
"1318","Battery",35.3808
"1319","Battery",40.608
"1320","Battery",40.7637209302326
"1321","Battery",83.3516129032258
"1322","Battery",83.3516129032258
"1323","CHP",328.029850746269
"1324","CHP",26.9799256505576
"1325","CHP",37.0656
"1326","CHP",43.992
"1327","CHP",40.7637209302326
"1328","CHP",261.495256166983
"1329","CHP",261.495256166983
"1330","Fuel_Cell",393.635820895522
"1331","Fuel_Cell",0
"1332","Fuel_Cell",0
"1333","Fuel_Cell",0
"1334","Fuel_Cell",0
"1335","Fuel_Cell",313.79430740038
"1336","Fuel_Cell",313.79430740038
"1337","Solar",190.441525423729
"1338","Battery",78.8033898305085
"1339","CHP",229.843220338983
"1340","Fuel_Cell",275.81186440678
"1341","Solar",426.745664739884
"1342","Solar",607.004394046775
"1343","Solar",699.482003710575
"1344","Solar",190.441525423729
"1345","Solar",153.750377833753
"1346","Solar",201.855737704918
"1347","Battery",157.567630057803
"1348","Battery",232.575053153792
"1349","Battery",262.305751391466
"1350","Battery",78.8033898305085
"1351","Battery",63.7900503778338
"1352","Battery",83.0213114754098
"1353","CHP",508.812138728324
"1354","CHP",676.282069454288
"1355","CHP",775.369202226345
"1356","CHP",229.843220338983
"1357","CHP",196.277078085642
"1358","CHP",276.737704918033
"1359","Fuel_Cell",610.574566473989
"1360","Fuel_Cell",811.538483345145
"1361","Fuel_Cell",930.443042671614
"1362","Fuel_Cell",275.81186440678
"1363","Fuel_Cell",235.532493702771
"1364","Fuel_Cell",332.085245901639
"1365","Solar",183.390967741935
"1366","Solar",248.845714285714
"1367","Solar",373.710064239829
"1368","Solar",268.98447761194
"1369","Solar",613.997173144876
"1370","Solar",507.192281879195
"1371","Battery",73.6838709677419
"1372","Battery",98.2285714285714
"1373","Battery",147.517130620985
"1374","Battery",108.249850746269
"1375","Battery",232.724734982332
"1376","Battery",187.727013422819
"1377","CHP",229.238709677419
"1378","CHP",311.057142857143
"1379","CHP",458.942184154176
"1380","CHP",328.029850746269
"1381","CHP",676.717314487633
"1382","CHP",576.354865771812
"1383","Fuel_Cell",275.086451612903
"1384","Fuel_Cell",373.268571428571
"1385","Fuel_Cell",550.730620985011
"1386","Fuel_Cell",393.635820895522
"1387","Fuel_Cell",812.060777385159
"1388","Fuel_Cell",691.625838926174
"1389","Solar",419.800386847195
"1390","Solar",9.65769230769231
"1391","Solar",196.59880239521
"1392","Solar",164.261083743842
"1393","Solar",27.1255813953488
"1394","Battery",157.425145067698
"1395","Battery",5.79461538461539
"1396","Battery",83.5544910179641
"1397","Battery",68.9896551724138
"1398","Battery",14.2409302325581
"1399","CHP",508.352030947776
"1400","CHP",9.65769230769231
"1401","CHP",245.748502994012
"1402","CHP",197.113300492611
"1403","CHP",16.953488372093
"1404","Fuel_Cell",610.022437137331
"1405","Fuel_Cell",0
"1406","Fuel_Cell",294.898203592814
"1407","Fuel_Cell",236.535960591133
"1408","Fuel_Cell",0
"1409","Solar",50.625
"1410","Solar",133.646218487395
"1411","Solar",163.38785046729
"1412","Solar",133.646218487395
"1413","Solar",144.118032786885
"1414","Solar",183.390967741935
"1415","Battery",30.375
"1416","Battery",53.7844537815126
"1417","Battery",68.6228971962617
"1418","Battery",53.7844537815126
"1419","Battery",58.9573770491803
"1420","Battery",73.6838709677419
"1421","CHP",33.75
"1422","CHP",179.281512605042
"1423","CHP",212.404205607477
"1424","CHP",179.281512605042
"1425","CHP",180.147540983607
"1426","CHP",229.238709677419
"1427","Fuel_Cell",0
"1428","Fuel_Cell",215.13781512605
"1429","Fuel_Cell",254.885046728972
"1430","Fuel_Cell",215.13781512605
"1431","Fuel_Cell",216.177049180328
"1432","Fuel_Cell",275.086451612903
"1433","Solar",64.5425581395349
"1434","Solar",94.3848837209302
"1435","Solar",173.764285714286
"1436","Solar",196.59880239521
"1437","Solar",183.390967741935
"1438","Battery",40.7637209302326
"1439","Battery",39.0558139534884
"1440","Battery",68.85
"1441","Battery",83.5544910179641
"1442","Battery",73.6838709677419
"1443","CHP",40.7637209302326
"1444","CHP",130.186046511628
"1445","CHP",213.107142857143
"1446","CHP",245.748502994012
"1447","CHP",229.238709677419
"1448","Fuel_Cell",0
"1449","Fuel_Cell",156.223255813954
"1450","Fuel_Cell",255.728571428571
"1451","Fuel_Cell",294.898203592814
"1452","Fuel_Cell",275.086451612903
"1453","Solar",114.478187919463
"1454","Solar",664.234005037783
"1455","Solar",91.7538461538462
"1456","Battery",49.0620805369127
"1457","Battery",246.621536523929
"1458","Battery",39.3230769230769
"1459","CHP",147.186241610738
"1460","CHP",772.747481108312
"1461","CHP",114.692307692308
"1462","Fuel_Cell",176.623489932886
"1463","Fuel_Cell",927.296977329975
"1464","Fuel_Cell",137.630769230769
"1465","Solar",281.202206896552
"1466","Solar",229.712784588441
"1467","Solar",360.619311875694
"1468","Battery",112.807862068966
"1469","Battery",93.5259194395797
"1470","Battery",142.608546059933
"1471","CHP",359.67724137931
"1472","CHP",278.936952714536
"1473","CHP",442.578246392897
"1474","Fuel_Cell",431.612689655172
"1475","Fuel_Cell",334.724343257443
"1476","Fuel_Cell",531.093895671476
"1477","Solar",173.764285714286
"1478","Solar",209.572881355932
"1479","Solar",196.59880239521
"1480","Battery",68.85
"1481","Battery",83.5016949152542
"1482","Battery",83.5544910179641
"1483","CHP",213.107142857143
"1484","CHP",261.966101694915
"1485","CHP",245.748502994012
"1486","Fuel_Cell",255.728571428571
"1487","Fuel_Cell",314.359322033898
"1488","Fuel_Cell",294.898203592814
"1489","Solar",248.845714285714
"1490","Solar",154.6488
"1491","Solar",394.672286617492
"1492","Solar",133.646218487395
"1493","Battery",98.2285714285714
"1494","Battery",64.1628
"1495","Battery",152.935511064278
"1496","Battery",53.7844537815126
"1497","CHP",311.057142857143
"1498","CHP",180.972
"1499","CHP",460.451001053741
"1500","CHP",179.281512605042
"1501","Fuel_Cell",373.268571428571
"1502","Fuel_Cell",217.1664
"1503","Fuel_Cell",552.541201264489
"1504","Fuel_Cell",215.13781512605
"1505","Solar",183.390967741935
"1506","Solar",209.572881355932
"1507","Solar",183.507692307692
"1508","Solar",453.988202764977
"1509","Battery",73.6838709677419
"1510","Battery",83.5016949152542
"1511","Battery",78.6461538461539
"1512","Battery",172.712903225806
"1513","CHP",229.238709677419
"1514","CHP",261.966101694915
"1515","CHP",229.384615384615
"1516","CHP",526.363133640553
"1517","Fuel_Cell",275.086451612903
"1518","Fuel_Cell",314.359322033898
"1519","Fuel_Cell",275.261538461538
"1520","Fuel_Cell",631.635760368664
"1521","Solar",44.3181818181818
"1522","Solar",567.757317073171
"1523","Solar",440.900760456274
"1524","Solar",209.572881355932
"1525","Battery",29.6590909090909
"1526","Battery",217.860365853659
"1527","Battery",167.805513307985
"1528","Battery",83.5016949152542
"1529","CHP",27.2727272727273
"1530","CHP",627.173780487805
"1531","CHP",509.997148288973
"1532","CHP",261.966101694915
"1533","Fuel_Cell",0
"1534","Fuel_Cell",752.608536585366
"1535","Fuel_Cell",611.996577946768
"1536","Fuel_Cell",314.359322033898
"1537","Solar",183.390967741935
"1538","Solar",153.750377833753
"1539","Battery",73.6838709677419
"1540","Battery",63.7900503778338
"1541","CHP",229.238709677419
"1542","CHP",196.277078085642
"1543","Fuel_Cell",275.086451612903
"1544","Fuel_Cell",235.532493702771
"1545","Solar",283.004405286344
"1546","Solar",248.845714285714
"1547","Solar",440.900760456274
"1548","Solar",393.738414006179
"1549","Solar",176.360698689956
"1550","Solar",183.507692307692
"1551","Solar",419.800386847195
"1552","Battery",113.530837004405
"1553","Battery",98.2285714285714
"1554","Battery",167.805513307985
"1555","Battery",152.573635427394
"1556","Battery",68.5847161572052
"1557","Battery",78.6461538461539
"1558","Battery",157.425145067698
"1559","CHP",329.074889867841
"1560","CHP",311.057142857143
"1561","CHP",509.997148288973
"1562","CHP",475.767250257467
"1563","CHP",228.615720524017
"1564","CHP",229.384615384615
"1565","CHP",508.352030947776
"1566","Fuel_Cell",394.88986784141
"1567","Fuel_Cell",373.268571428571
"1568","Fuel_Cell",611.996577946768
"1569","Fuel_Cell",570.92070030896
"1570","Fuel_Cell",274.338864628821
"1571","Fuel_Cell",275.261538461538
"1572","Fuel_Cell",610.022437137331
"1573","Solar",288.118518518518
"1574","Solar",190.441525423729
"1575","Solar",301.327058823529
"1576","Solar",196.59880239521
"1577","Solar",322.269230769231
"1578","Solar",173.764285714286
"1579","Solar",114.478187919463
"1580","Battery",112.955555555556
"1581","Battery",78.8033898305085
"1582","Battery",122.823529411765
"1583","Battery",83.5544910179641
"1584","Battery",128.25
"1585","Battery",68.85
"1586","Battery",49.0620805369127
"1587","CHP",360.148148148148
"1588","CHP",229.843220338983
"1589","CHP",376.658823529412
"1590","CHP",245.748502994012
"1591","CHP",378.173076923077
"1592","CHP",213.107142857143
"1593","CHP",147.186241610738
"1594","Fuel_Cell",432.177777777778
"1595","Fuel_Cell",275.81186440678
"1596","Fuel_Cell",451.990588235294
"1597","Fuel_Cell",294.898203592814
"1598","Fuel_Cell",453.807692307692
"1599","Fuel_Cell",255.728571428571
"1600","Fuel_Cell",176.623489932886
"1601","Solar",618.007272727273
"1602","Solar",110.911945392491
"1603","Solar",724.763466042155
"1604","Solar",447.990934844193
"1605","Solar",453.988202764977
"1606","Battery",231.752727272727
"1607","Battery",44.038566552901
"1608","Battery",276.727868852459
"1609","Battery",172.937677053824
"1610","Battery",172.712903225806
"1611","CHP",723.2
"1612","CHP",146.795221843003
"1613","CHP",823.594847775176
"1614","CHP",510.57790368272
"1615","CHP",526.363133640553
"1616","Fuel_Cell",867.84
"1617","Fuel_Cell",176.154266211604
"1618","Fuel_Cell",988.313817330211
"1619","Fuel_Cell",612.693484419263
"1620","Fuel_Cell",631.635760368664
"1621","Solar",341.495486935867
"1622","Solar",202.658823529412
"1623","Solar",202.658823529412
"1624","Solar",189.568421052632
"1625","Solar",724.763466042155
"1626","Solar",85.725
"1627","Battery",137.911638954869
"1628","Battery",83.3516129032258
"1629","Battery",83.3516129032258
"1630","Battery",78.4421052631579
"1631","Battery",276.727868852459
"1632","Battery",39.5653846153846
"1633","CHP",410.451306413302
"1634","CHP",261.495256166983
"1635","CHP",261.495256166983
"1636","CHP",245.131578947368
"1637","CHP",823.594847775176
"1638","CHP",98.9134615384615
"1639","Fuel_Cell",492.541567695962
"1640","Fuel_Cell",313.79430740038
"1641","Fuel_Cell",313.79430740038
"1642","Fuel_Cell",294.157894736842
"1643","Fuel_Cell",988.313817330211
"1644","Fuel_Cell",118.696153846154
"1645","Solar",209.572881355932
"1646","Solar",738.73006993007
"1647","Solar",453.988202764977
"1648","Solar",166.841162790698
"1649","Solar",196.59880239521
"1650","Solar",301.327058823529
"1651","Solar",731.744158878505
"1652","Solar",447.990934844193
"1653","Solar",532.516601714731
"1654","Battery",83.5016949152542
"1655","Battery",277.023776223776
"1656","Battery",172.712903225806
"1657","Battery",68.6993023255814
"1658","Battery",83.5544910179641
"1659","Battery",122.823529411765
"1660","Battery",276.876168224299
"1661","Battery",172.937677053824
"1662","Battery",202.159080280592
"1663","CHP",261.966101694915
"1664","CHP",824.475524475525
"1665","CHP",526.363133640553
"1666","CHP",212.640697674419
"1667","CHP",245.748502994012
"1668","CHP",376.658823529412
"1669","CHP",824.036214953271
"1670","CHP",510.57790368272
"1671","CHP",624.556508183944
"1672","Fuel_Cell",314.359322033898
"1673","Fuel_Cell",989.370629370629
"1674","Fuel_Cell",631.635760368664
"1675","Fuel_Cell",255.168837209302
"1676","Fuel_Cell",294.898203592814
"1677","Fuel_Cell",451.990588235294
"1678","Fuel_Cell",988.843457943925
"1679","Fuel_Cell",612.693484419263
"1680","Fuel_Cell",749.467809820733
"1681","Solar",190.441525423729
"1682","Solar",173.764285714286
"1683","Solar",433.69980806142
"1684","Solar",202.658823529412
"1685","Solar",202.658823529412
"1686","Battery",78.8033898305085
"1687","Battery",68.85
"1688","Battery",157.709021113244
"1689","Battery",83.3516129032258
"1690","Battery",83.3516129032258
"1691","CHP",229.843220338983
"1692","CHP",213.107142857143
"1693","CHP",509.268714011516
"1694","CHP",261.495256166983
"1695","CHP",261.495256166983
"1696","Fuel_Cell",275.81186440678
"1697","Fuel_Cell",255.728571428571
"1698","Fuel_Cell",611.122456813819
"1699","Fuel_Cell",313.79430740038
"1700","Fuel_Cell",313.79430740038
"1701","Solar",585.70964028777
"1702","Battery",217.173237410072
"1703","CHP",674.553237410072
"1704","Fuel_Cell",809.463884892086
"1705","Solar",394.672286617492
"1706","Solar",82.1305418719212
"1707","Solar",163.38785046729
"1708","Battery",152.935511064278
"1709","Battery",34.4948275862069
"1710","Battery",68.6228971962617
"1711","CHP",460.451001053741
"1712","CHP",98.5566502463054
"1713","CHP",212.404205607477
"1714","Fuel_Cell",552.541201264489
"1715","Fuel_Cell",118.267980295567
"1716","Fuel_Cell",254.885046728972
"1717","Solar",288.118518518518
"1718","Solar",618.007272727273
"1719","Solar",133.646218487395
"1720","Solar",731.744158878505
"1721","Solar",717.551236749117
"1722","Solar",190.441525423729
"1723","Solar",202.658823529412
"1724","Battery",112.955555555556
"1725","Battery",231.752727272727
"1726","Battery",53.7844537815126
"1727","Battery",276.876168224299
"1728","Battery",266.613074204947
"1729","Battery",78.8033898305085
"1730","Battery",83.3516129032258
"1731","CHP",360.148148148148
"1732","CHP",723.2
"1733","CHP",179.281512605042
"1734","CHP",824.036214953271
"1735","CHP",822.879858657244
"1736","CHP",229.843220338983
"1737","CHP",261.495256166983
"1738","Fuel_Cell",432.177777777778
"1739","Fuel_Cell",867.84
"1740","Fuel_Cell",215.13781512605
"1741","Fuel_Cell",988.843457943925
"1742","Fuel_Cell",987.455830388693
"1743","Fuel_Cell",275.81186440678
"1744","Fuel_Cell",313.79430740038
"1745","Solar",209.572881355932
"1746","Solar",580.201542416452
"1747","Solar",453.988202764977
"1748","Solar",196.59880239521
"1749","Battery",83.5016949152542
"1750","Battery",344.073007712082
"1751","Battery",172.712903225806
"1752","Battery",83.5544910179641
"1753","CHP",261.966101694915
"1754","CHP",387.925449871465
"1755","CHP",526.363133640553
"1756","CHP",245.748502994012
"1757","Fuel_Cell",314.359322033898
"1758","Fuel_Cell",0
"1759","Fuel_Cell",631.635760368664
"1760","Fuel_Cell",294.898203592814
"1761","Solar",166.841162790698
"1762","Solar",189.568421052632
"1763","Solar",474.924339106655
"1764","Battery",68.6993023255814
"1765","Battery",78.4421052631579
"1766","Battery",173.149498632634
"1767","CHP",212.640697674419
"1768","CHP",245.131578947368
"1769","CHP",527.693710118505
"1770","Fuel_Cell",255.168837209302
"1771","Fuel_Cell",294.157894736842
"1772","Fuel_Cell",633.232452142206
"1773","Solar",394.672286617492
"1774","Solar",202.658823529412
"1775","Solar",678.292682926829
"1776","Solar",440.900760456274
"1777","Solar",646.254834437086
"1778","Battery",152.935511064278
"1779","Battery",83.3516129032258
"1780","Battery",251.890243902439
"1781","Battery",167.805513307985
"1782","Battery",247.291390728477
"1783","CHP",460.451001053741
"1784","CHP",261.495256166983
"1785","CHP",773.780487804878
"1786","CHP",509.997148288973
"1787","CHP",725.388079470199
"1788","Fuel_Cell",552.541201264489
"1789","Fuel_Cell",313.79430740038
"1790","Fuel_Cell",928.536585365854
"1791","Fuel_Cell",611.996577946768
"1792","Fuel_Cell",870.465695364239
"1793","Solar",599.781584582441
"1794","Solar",43.7892508143322
"1795","Battery",222.446466809422
"1796","Battery",29.3051140065147
"1797","CHP",675.578158458244
"1798","CHP",30.3156351791531
"1799","Fuel_Cell",810.693790149893
"1800","Fuel_Cell",0
"1801","Solar",1.45384615384615
"1802","Solar",183.390967741935
"1803","Solar",144.118032786885
"1804","Solar",585.70964028777
"1805","Battery",0
"1806","Battery",73.6838709677419
"1807","Battery",58.9573770491803
"1808","Battery",217.173237410072
"1809","CHP",0
"1810","CHP",229.238709677419
"1811","CHP",180.147540983607
"1812","CHP",674.553237410072
"1813","Fuel_Cell",17.4461538461538
"1814","Fuel_Cell",275.086451612903
"1815","Fuel_Cell",216.177049180328
"1816","Fuel_Cell",809.463884892086
"1817","Solar",767.62293794187
"1818","Solar",163.38785046729
"1819","Solar",209.572881355932
"1820","Solar",685.508017402113
"1821","Solar",202.658823529412
"1822","Solar",173.764285714286
"1823","Solar",419.800386847195
"1824","Battery",278.263315003928
"1825","Battery",68.6228971962617
"1826","Battery",83.5016949152542
"1827","Battery",262.009073958981
"1828","Battery",83.3516129032258
"1829","Battery",68.85
"1830","Battery",157.425145067698
"1831","CHP",1375.32443047918
"1832","CHP",212.404205607477
"1833","CHP",261.966101694915
"1834","CHP",774.492231199503
"1835","CHP",261.495256166983
"1836","CHP",213.107142857143
"1837","CHP",508.352030947776
"1838","Fuel_Cell",1650.38931657502
"1839","Fuel_Cell",254.885046728972
"1840","Fuel_Cell",314.359322033898
"1841","Fuel_Cell",929.390677439403
"1842","Fuel_Cell",313.79430740038
"1843","Fuel_Cell",255.728571428571
"1844","Fuel_Cell",610.022437137331
"1845","Solar",144.118032786885
"1846","Solar",157.209022556391
"1847","Solar",202.658823529412
"1848","Battery",58.9573770491803
"1849","Battery",63.8661654135338
"1850","Battery",83.3516129032258
"1851","CHP",180.147540983607
"1852","CHP",196.511278195489
"1853","CHP",261.495256166983
"1854","Fuel_Cell",216.177049180328
"1855","Fuel_Cell",235.813533834586
"1856","Fuel_Cell",313.79430740038
"1857","Solar",334.437844311377
"1858","Solar",64.0084090909091
"1859","Solar",528.514427040396
"1860","Solar",209.572881355932
"1861","Solar",202.658823529412
"1862","Solar",433.69980806142
"1863","Battery",132.791497005988
"1864","Battery",40.4263636363636
"1865","Battery",203.147732893652
"1866","Battery",83.5016949152542
"1867","Battery",83.3516129032258
"1868","Battery",157.709021113244
"1869","CHP",409.850299401198
"1870","CHP",43.7952272727273
"1871","CHP",578.062654575433
"1872","CHP",261.966101694915
"1873","CHP",261.495256166983
"1874","CHP",509.268714011516
"1875","Fuel_Cell",491.820359281437
"1876","Fuel_Cell",0
"1877","Fuel_Cell",693.675185490519
"1878","Fuel_Cell",314.359322033898
"1879","Fuel_Cell",313.79430740038
"1880","Fuel_Cell",611.122456813819
"1881","Solar",567.757317073171
"1882","Solar",91.7538461538462
"1883","Battery",217.860365853659
"1884","Battery",39.3230769230769
"1885","CHP",627.173780487805
"1886","CHP",114.692307692308
"1887","Fuel_Cell",752.608536585366
"1888","Fuel_Cell",137.630769230769
"1889","Solar",202.658823529412
"1890","Solar",705.457577601948
"1891","Solar",202.658823529412
"1892","Solar",659.220779220779
"1893","Solar",190.441525423729
"1894","Battery",83.3516129032258
"1895","Battery",262.074193548387
"1896","Battery",83.3516129032258
"1897","Battery",247.207792207792
"1898","Battery",78.8033898305085
"1899","CHP",261.495256166983
"1900","CHP",791.167376749848
"1901","CHP",261.495256166983
"1902","CHP",741.623376623377
"1903","CHP",229.843220338983
"1904","Fuel_Cell",313.79430740038
"1905","Fuel_Cell",949.400852099817
"1906","Fuel_Cell",313.79430740038
"1907","Fuel_Cell",889.948051948052
"1908","Fuel_Cell",275.81186440678
"1909","Solar",173.764285714286
"1910","Solar",176.360698689956
"1911","Solar",209.572881355932
"1912","Battery",68.85
"1913","Battery",68.5847161572052
"1914","Battery",83.5016949152542
"1915","CHP",213.107142857143
"1916","CHP",228.615720524017
"1917","CHP",261.966101694915
"1918","Fuel_Cell",255.728571428571
"1919","Fuel_Cell",274.338864628821
"1920","Fuel_Cell",314.359322033898
"1921","Solar",302.225572005384
"1922","Solar",585.70964028777
"1923","Solar",163.38785046729
"1924","Solar",514.173913043478
"1925","Solar",202.658823529412
"1926","Solar",15.096724137931
"1927","Battery",123.189771197847
"1928","Battery",217.173237410072
"1929","Battery",68.6228971962617
"1930","Battery",187.871237458194
"1931","Battery",83.3516129032258
"1932","Battery",9.84568965517241
"1933","CHP",361.35666218035
"1934","CHP",674.553237410072
"1935","CHP",212.404205607477
"1936","CHP",576.797658862876
"1937","CHP",261.495256166983
"1938","CHP",13.1275862068966
"1939","Fuel_Cell",433.62799461642
"1940","Fuel_Cell",809.463884892086
"1941","Fuel_Cell",254.885046728972
"1942","Fuel_Cell",692.157190635451
"1943","Fuel_Cell",313.79430740038
"1944","Fuel_Cell",0
"1945","Solar",147.699460916442
"1946","Solar",163.38785046729
"1947","Solar",288.118518518518
"1948","Battery",64.0030997304582
"1949","Battery",68.6228971962617
"1950","Battery",112.955555555556
"1951","CHP",180.521563342318
"1952","CHP",212.404205607477
"1953","CHP",360.148148148148
"1954","Fuel_Cell",216.625876010782
"1955","Fuel_Cell",254.885046728972
"1956","Fuel_Cell",432.177777777778
"1957","Solar",64.5425581395349
"1958","Solar",82.1305418719212
"1959","Solar",163.38785046729
"1960","Solar",196.59880239521
"1961","Battery",40.7637209302326
"1962","Battery",34.4948275862069
"1963","Battery",68.6228971962617
"1964","Battery",83.5544910179641
"1965","CHP",40.7637209302326
"1966","CHP",98.5566502463054
"1967","CHP",212.404205607477
"1968","CHP",245.748502994012
"1969","Fuel_Cell",0
"1970","Fuel_Cell",118.267980295567
"1971","Fuel_Cell",254.885046728972
"1972","Fuel_Cell",294.898203592814
"1973","Solar",514.173913043478
"1974","Solar",60.8657142857143
"1975","Battery",187.871237458194
"1976","Battery",40.5771428571429
"1977","CHP",576.797658862876
"1978","CHP",40.5771428571429
"1979","Fuel_Cell",692.157190635451
"1980","Fuel_Cell",0
"1981","Solar",493.251689189189
"1982","Solar",202.658823529412
"1983","Solar",30.4605633802817
"1984","Solar",487.249740932643
"1985","Battery",187.435641891892
"1986","Battery",83.3516129032258
"1987","Battery",21.3223943661972
"1988","Battery",187.656994818653
"1989","CHP",575.460304054054
"1990","CHP",261.495256166983
"1991","CHP",20.3070422535211
"1992","CHP",559.678756476684
"1993","Fuel_Cell",690.552364864865
"1994","Fuel_Cell",313.79430740038
"1995","Fuel_Cell",0
"1996","Fuel_Cell",671.614507772021
"1997","Solar",354.467889908257
"1998","Solar",183.507692307692
"1999","Solar",806.286741573034
"2000","Battery",137.848623853211
"2001","Battery",78.6461538461539
"2002","Battery",297.558202247191
"2003","CHP",426.674311926605
"2004","CHP",229.384615384615
"2005","CHP",1439.79775280899
"2006","Fuel_Cell",512.009174311927
"2007","Fuel_Cell",275.261538461538
"2008","Fuel_Cell",1727.75730337079
"2009","Solar",738.73006993007
"2010","Solar",173.764285714286
"2011","Solar",202.658823529412
"2012","Battery",277.023776223776
"2013","Battery",68.85
"2014","Battery",83.3516129032258
"2015","CHP",824.475524475525
"2016","CHP",213.107142857143
"2017","CHP",261.495256166983
"2018","Fuel_Cell",989.370629370629
"2019","Fuel_Cell",255.728571428571
"2020","Fuel_Cell",313.79430740038
"2021","Solar",295.165760869565
"2022","Solar",413.775
"2023","Solar",413.775
"2024","Solar",183.507692307692
"2025","Solar",493.251689189189
"2026","Battery",118.066304347826
"2027","Battery",157.628571428571
"2028","Battery",157.628571428571
"2029","Battery",78.6461538461539
"2030","Battery",187.435641891892
"2031","CHP",360.758152173913
"2032","CHP",492.589285714286
"2033","CHP",492.589285714286
"2034","CHP",229.384615384615
"2035","CHP",575.460304054054
"2036","Fuel_Cell",432.909782608696
"2037","Fuel_Cell",591.107142857143
"2038","Fuel_Cell",591.107142857143
"2039","Fuel_Cell",275.261538461538
"2040","Fuel_Cell",690.552364864865
"2041","Solar",735.905427631579
"2042","Solar",242.803311258278
"2043","Battery",268.765460526316
"2044","Battery",98.4337748344371
"2045","CHP",1311.83141447368
"2046","CHP",295.301324503311
"2047","Fuel_Cell",1574.19769736842
"2048","Fuel_Cell",354.361589403973
"2049","Solar",104.844943820225
"2050","Battery",44.2314606741573
"2051","CHP",131.056179775281
"2052","Fuel_Cell",157.267415730337
"2053","Solar",248.845714285714
"2054","Solar",43.7892508143322
"2055","Solar",27.1542857142857
"2056","Solar",57.71925
"2057","Solar",183.507692307692
"2058","Battery",98.2285714285714
"2059","Battery",29.3051140065147
"2060","Battery",15.2742857142857
"2061","Battery",40.743
"2062","Battery",78.6461538461539
"2063","CHP",311.057142857143
"2064","CHP",30.3156351791531
"2065","CHP",16.9714285714286
"2066","CHP",37.34775
"2067","CHP",229.384615384615
"2068","Fuel_Cell",373.268571428571
"2069","Fuel_Cell",0
"2070","Fuel_Cell",0
"2071","Fuel_Cell",0
"2072","Fuel_Cell",275.261538461538
"2073","Solar",190.441525423729
"2074","Solar",327.391304347826
"2075","Battery",78.8033898305085
"2076","Battery",127.682608695652
"2077","CHP",229.843220338983
"2078","CHP",409.239130434783
"2079","Fuel_Cell",275.81186440678
"2080","Fuel_Cell",491.086956521739
"2081","Solar",567.757317073171
"2082","Solar",209.572881355932
"2083","Battery",217.860365853659
"2084","Battery",83.5016949152542
"2085","CHP",627.173780487805
"2086","CHP",261.966101694915
"2087","Fuel_Cell",752.608536585366
"2088","Fuel_Cell",314.359322033898
"2089","Solar",354.467889908257
"2090","Solar",23.4169811320755
"2091","Battery",137.848623853211
"2092","Battery",13.0466037735849
"2093","CHP",426.674311926605
"2094","CHP",16.7264150943396
"2095","Fuel_Cell",512.009174311927
"2096","Fuel_Cell",0
"2097","Solar",308.256436931079
"2098","Solar",190.441525423729
"2099","Solar",163.38785046729
"2100","Solar",153.750377833753
"2101","Battery",122.974642392718
"2102","Battery",78.8033898305085
"2103","Battery",68.6228971962617
"2104","Battery",63.7900503778338
"2105","CHP",377.122236671001
"2106","CHP",229.843220338983
"2107","CHP",212.404205607477
"2108","CHP",196.277078085642
"2109","Fuel_Cell",452.546684005202
"2110","Fuel_Cell",275.81186440678
"2111","Fuel_Cell",254.885046728972
"2112","Fuel_Cell",235.532493702771
"2113","Solar",825.618887262079
"2114","Solar",190.441525423729
"2115","Battery",307.207027818448
"2116","Battery",78.8033898305085
"2117","CHP",1472.0336749634
"2118","CHP",229.843220338983
"2119","Fuel_Cell",1766.44040995608
"2120","Fuel_Cell",275.81186440678
"2121","Solar",183.390967741935
"2122","Solar",133.646218487395
"2123","Battery",73.6838709677419
"2124","Battery",53.7844537815126
"2125","CHP",229.238709677419
"2126","CHP",179.281512605042
"2127","Fuel_Cell",275.086451612903
"2128","Fuel_Cell",215.13781512605
"2129","Solar",202.658823529412
"2130","Solar",176.360698689956
"2131","Solar",754.195744680851
"2132","Solar",639.036
"2133","Battery",83.3516129032258
"2134","Battery",68.5847161572052
"2135","Battery",278.029787234043
"2136","Battery",237.168
"2137","CHP",261.495256166983
"2138","CHP",228.615720524017
"2139","CHP",1374.17021276596
"2140","CHP",724.68
"2141","Fuel_Cell",313.79430740038
"2142","Fuel_Cell",274.338864628821
"2143","Fuel_Cell",1649.00425531915
"2144","Fuel_Cell",869.616
"2145","Solar",262.95652173913
"2146","Solar",288.118518518518
"2147","Solar",754.195744680851
"2148","Solar",196.59880239521
"2149","Battery",108.469565217391
"2150","Battery",112.955555555556
"2151","Battery",278.029787234043
"2152","Battery",83.5544910179641
"2153","CHP",312.260869565217
"2154","CHP",360.148148148148
"2155","CHP",1374.17021276596
"2156","CHP",245.748502994012
"2157","Fuel_Cell",374.713043478261
"2158","Fuel_Cell",432.177777777778
"2159","Fuel_Cell",1649.00425531915
"2160","Fuel_Cell",294.898203592814
"2161","Solar",241.9303514377
"2162","Solar",248.845714285714
"2163","Battery",98.0798722044728
"2164","Battery",98.2285714285714
"2165","CHP",310.586261980831
"2166","CHP",311.057142857143
"2167","Fuel_Cell",372.703514376997
"2168","Fuel_Cell",373.268571428571
"2169","Solar",1.45384615384615
"2170","Solar",322.269230769231
"2171","Solar",207.689491525424
"2172","Solar",163.38785046729
"2173","Battery",0
"2174","Battery",128.25
"2175","Battery",135.66813559322
"2176","Battery",68.6228971962617
"2177","CHP",0
"2178","CHP",378.173076923077
"2179","CHP",150.742372881356
"2180","CHP",212.404205607477
"2181","Fuel_Cell",17.4461538461538
"2182","Fuel_Cell",453.807692307692
"2183","Fuel_Cell",0
"2184","Fuel_Cell",254.885046728972
"2185","Solar",302.225572005384
"2186","Battery",123.189771197847
"2187","CHP",361.35666218035
"2188","Fuel_Cell",433.62799461642
"2189","Solar",183.390967741935
"2190","Solar",380.765993623804
"2191","Solar",857.109295774648
"2192","Solar",114.478187919463
"2193","Battery",73.6838709677419
"2194","Battery",152.634643995749
"2195","Battery",307.024225352113
"2196","Battery",49.0620805369127
"2197","CHP",229.238709677419
"2198","CHP",459.545164718385
"2199","CHP",1535.12112676056
"2200","CHP",147.186241610738
"2201","Fuel_Cell",275.086451612903
"2202","Fuel_Cell",551.454197662062
"2203","Fuel_Cell",1842.14535211268
"2204","Fuel_Cell",176.623489932886
"2205","Solar",196.59880239521
"2206","Battery",83.5544910179641
"2207","CHP",245.748502994012
"2208","Fuel_Cell",294.898203592814
"2209","Solar",183.507692307692
"2210","Solar",190.441525423729
"2211","Battery",78.6461538461539
"2212","Battery",78.8033898305085
"2213","CHP",229.384615384615
"2214","CHP",229.843220338983
"2215","Fuel_Cell",275.261538461538
"2216","Fuel_Cell",275.81186440678
"2217","Solar",190.441525423729
"2218","Battery",78.8033898305085
"2219","CHP",229.843220338983
"2220","Fuel_Cell",275.81186440678
"2221","Solar",91.7538461538462
"2222","Solar",236.77785467128
"2223","Solar",341.495486935867
"2224","Battery",39.3230769230769
"2225","Battery",98.6574394463668
"2226","Battery",137.911638954869
"2227","CHP",114.692307692308
"2228","CHP",279.529411764706
"2229","CHP",410.451306413302
"2230","Fuel_Cell",137.630769230769
"2231","Fuel_Cell",335.435294117647
"2232","Fuel_Cell",492.541567695962
"2233","Solar",624.971121558093
"2234","Solar",599.781584582441
"2235","Solar",183.390967741935
"2236","Battery",231.897179314977
"2237","Battery",222.446466809422
"2238","Battery",73.6838709677419
"2239","CHP",723.650772330423
"2240","CHP",675.578158458244
"2241","CHP",229.238709677419
"2242","Fuel_Cell",868.380926796508
"2243","Fuel_Cell",810.693790149893
"2244","Fuel_Cell",275.086451612903
"2245","Solar",360.619311875694
"2246","Solar",281.202206896552
"2247","Battery",142.608546059933
"2248","Battery",112.807862068966
"2249","CHP",442.578246392897
"2250","CHP",359.67724137931
"2251","Fuel_Cell",531.093895671476
"2252","Fuel_Cell",431.612689655172
"2253","Solar",173.764285714286
"2254","Solar",202.658823529412
"2255","Solar",660.237154150198
"2256","Battery",68.85
"2257","Battery",83.3516129032258
"2258","Battery",247.588932806324
"2259","CHP",213.107142857143
"2260","CHP",261.495256166983
"2261","CHP",726.260869565217
"2262","Fuel_Cell",255.728571428571
"2263","Fuel_Cell",313.79430740038
"2264","Fuel_Cell",871.513043478261
"2265","Solar",215.749285714286
"2266","Battery",88.2610714285714
"2267","CHP",277.858928571429
"2268","Fuel_Cell",333.430714285714
"2269","Solar",341.495486935867
"2270","Solar",380.765993623804
"2271","Solar",639.036
"2272","Battery",137.911638954869
"2273","Battery",152.634643995749
"2274","Battery",237.168
"2275","CHP",410.451306413302
"2276","CHP",459.545164718385
"2277","CHP",724.68
"2278","Fuel_Cell",492.541567695962
"2279","Fuel_Cell",551.454197662062
"2280","Fuel_Cell",869.616
"2281","Solar",748.518072289157
"2282","Solar",749.584464431725
"2283","Solar",400.685538461538
"2284","Battery",278.295180722892
"2285","Battery",278.691659852821
"2286","Battery",152.720307692308
"2287","CHP",1343.49397590361
"2288","CHP",1313.37448896157
"2289","CHP",476.224615384615
"2290","Fuel_Cell",1612.19277108434
"2291","Fuel_Cell",1576.04938675388
"2292","Fuel_Cell",571.469538461538
"2293","Solar",133.646218487395
"2294","Solar",248.845714285714
"2295","Solar",196.59880239521
"2296","Solar",147.699460916442
"2297","Battery",53.7844537815126
"2298","Battery",98.2285714285714
"2299","Battery",83.5544910179641
"2300","Battery",64.0030997304582
"2301","CHP",179.281512605042
"2302","CHP",311.057142857143
"2303","CHP",245.748502994012
"2304","CHP",180.521563342318
"2305","Fuel_Cell",215.13781512605
"2306","Fuel_Cell",373.268571428571
"2307","Fuel_Cell",294.898203592814
"2308","Fuel_Cell",216.625876010782
"2309","Solar",114.478187919463
"2310","Battery",49.0620805369127
"2311","CHP",147.186241610738
"2312","Fuel_Cell",176.623489932886
"2313","Solar",262.054054054054
"2314","Battery",108.097297297297
"2315","CHP",327.567567567568
"2316","Fuel_Cell",393.081081081081
"2317","Solar",567.757317073171
"2318","Solar",196.59880239521
"2319","Battery",217.860365853659
"2320","Battery",83.5544910179641
"2321","CHP",627.173780487805
"2322","CHP",245.748502994012
"2323","Fuel_Cell",752.608536585366
"2324","Fuel_Cell",294.898203592814
"2325","Solar",183.507692307692
"2326","Battery",78.6461538461539
"2327","CHP",229.384615384615
"2328","Fuel_Cell",275.261538461538
"2329","Solar",183.390967741935
"2330","Battery",73.6838709677419
"2331","CHP",229.238709677419
"2332","Fuel_Cell",275.086451612903
"2333","Solar",599.781584582441
"2334","Solar",229.712784588441
"2335","Battery",222.446466809422
"2336","Battery",93.5259194395797
"2337","CHP",675.578158458244
"2338","CHP",278.936952714536
"2339","Fuel_Cell",810.693790149893
"2340","Fuel_Cell",334.724343257443
"2341","Solar",147.699460916442
"2342","Battery",64.0030997304582
"2343","CHP",180.521563342318
"2344","Fuel_Cell",216.625876010782
"2345","Solar",144.118032786885
"2346","Battery",58.9573770491803
"2347","CHP",180.147540983607
"2348","Fuel_Cell",216.177049180328
"2349","Solar",433.69980806142
"2350","Battery",157.709021113244
"2351","CHP",509.268714011516
"2352","Fuel_Cell",611.122456813819
"2353","Solar",705.457577601948
"2354","Battery",262.074193548387
"2355","CHP",791.167376749848
"2356","Fuel_Cell",949.400852099817
"2357","Solar",33.635593220339
"2358","Solar",NA
"2359","Solar",183.390967741935
"2360","Solar",308.256436931079
"2361","Solar",NA
"2362","Solar",NA
"2363","Solar",NA
"2364","Battery",22.1994915254237
"2365","Battery",NA
"2366","Battery",73.6838709677419
"2367","Battery",122.974642392718
"2368","Battery",NA
"2369","Battery",NA
"2370","Battery",NA
"2371","CHP",23.5449152542373
"2372","CHP",NA
"2373","CHP",229.238709677419
"2374","CHP",377.122236671001
"2375","CHP",NA
"2376","CHP",NA
"2377","CHP",NA
"2378","Fuel_Cell",0
"2379","Fuel_Cell",NA
"2380","Fuel_Cell",275.086451612903
"2381","Fuel_Cell",452.546684005202
"2382","Fuel_Cell",NA
"2383","Fuel_Cell",NA
"2384","Fuel_Cell",NA
"2385","Solar",412.864077669903
"2386","Battery",157.281553398058
"2387","CHP",507.888349514563
"2388","Fuel_Cell",609.466019417476
"2389","Solar",361.535836177474
"2390","Battery",142.970989761092
"2391","CHP",427.269624573379
"2392","Fuel_Cell",512.723549488055
"2393","Solar",190.441525423729
"2394","Battery",78.8033898305085
"2395","CHP",229.843220338983
"2396","Fuel_Cell",275.81186440678
"2397","Solar",190.441525423729
"2398","Battery",78.8033898305085
"2399","CHP",229.843220338983
"2400","Fuel_Cell",275.81186440678
"2401","Solar",348.446808510638
"2402","Battery",138.063829787234
"2403","CHP",410.904255319149
"2404","Fuel_Cell",493.085106382979
"2405","Solar",137.090807799443
"2406","Battery",53.8571030640669
"2407","CHP",179.523676880223
"2408","Fuel_Cell",215.428412256267
"2409","Solar",302.225572005384
"2410","Battery",123.189771197847
"2411","CHP",361.35666218035
"2412","Fuel_Cell",433.62799461642
